---,RecipeId,DisplayName,Description,Ingredients,Outputs,CraftTime,RequiredStation,RequiredSkillId,RequiredSkillLevel,RequiredKnowledge,SkillXPReward,Icon,Category,RequiredTools,bRequiresDiscovery,DiscoveryKnowledgeId,DiscoverySkillLevel
SelectHammerstone,SelectHammerstone,Select Hammerstone,Examine river cobbles to find one with the right weight and shape to fit comfortably in your palm. Our ancestors spent two million years perfecting this selection - a good hammerstone becomes an extension of the arm.,"((ItemDefinitionId=""Stone01"",Quantity=1,bRequiresKnowledge=False))","((ItemDefinitionId=""Hammerstone01"",Quantity=1,Chance=1.000000))",8.000000,None,Stoneworking,0,SelectHammerstone,20.000000,None,Tools,,True,SelectHammerstone,0
StrikeFlakes,StrikeFlakes,Strike Sharp Flakes,"Strike one stone against another at the correct angle to detach thin, sharp flakes. This simple act - discovered 2.6 million years ago - was humanitys first deliberate tool creation. The flakes produced are waste to the toolmaker but treasure to those who recognize their cutting potential.","((ItemDefinitionId=""Stone01"",Quantity=1,bRequiresKnowledge=False))","((ItemDefinitionId=""SharpFlake01"",Quantity=3,Chance=1.000000))",12.000000,None,Stoneworking,0,StrikeFlakes,25.000000,None,Tools,Hammerstone01,True,StrikeFlakes,0
ShapeChopper,ShapeChopper,Shape Crude Chopper,"Remove flakes from one end of a cobble to create a rough chopping edge - the defining tool of Oldowan technology. For over a million years, this was the height of human innovation.","((ItemDefinitionId=""Stone01"",Quantity=1,bRequiresKnowledge=False))","((ItemDefinitionId=""CrudeChopper01"",Quantity=1,Chance=1.000000),(ItemDefinitionId=""SharpFlake01"",Quantity=2,Chance=1.000000))",20.000000,None,Stoneworking,1,,30.000000,None,Tools,Hammerstone01,True,StrikeFlakes,0
ShapeScraper,ShapeScraper,Shape Stone Scraper,"Carefully retouch a sharp flake to create a steep, sturdy scraping edge. The Oldowan knappers discovered that different angles served different purposes - the scraper was one of humanitys first specialized tools.","((ItemDefinitionId=""SharpFlake01"",Quantity=1,bRequiresKnowledge=False))","((ItemDefinitionId=""StoneScraper01"",Quantity=1,Chance=1.000000))",15.000000,None,Stoneworking,2,ShapeScraper,25.000000,None,Tools,Hammerstone01,True,ShapeScraper,0
KnapFlintFlakes,KnapFlintFlakes,Knap Flint Flakes,"Strike flakes from a flint nodule. Flint fractures according to precise physical laws, producing edges sharper than surgical steel - a vast improvement over common stone.","((ItemDefinitionId=""Flint01"",Quantity=1,bRequiresKnowledge=False))","((ItemDefinitionId=""FlintFlake01"",Quantity=4,Chance=1.000000))",15.000000,None,Stoneworking,3,KnapFlint,35.000000,None,Tools,Hammerstone01,True,KnapFlint,0
KnapFlintKnife,KnapFlintKnife,Knap Flint Knife,Carefully retouch a flint flake to create a durable blade with one sharp edge and one blunt edge for safe handling. The conchoidal fracture of flint produces edges only molecules thick.,"((ItemDefinitionId=""FlintFlake01"",Quantity=1,bRequiresKnowledge=False))","((ItemDefinitionId=""FlintKnife01"",Quantity=1,Chance=1.000000))",20.000000,None,Stoneworking,3,KnapFlintKnife,40.000000,None,Tools,Hammerstone01,True,KnapFlintKnife,0
KnapBifacialHandaxe,KnapBifacialHandaxe,Knap Bifacial Hand Axe,Shape a large flint nodule from both faces to create a symmetrical teardrop form - the hallmark of Acheulean technology. This elegant design produces four times more cutting edge than Oldowan choppers.,"((ItemDefinitionId=""Flint01"",Quantity=2,bRequiresKnowledge=False))","((ItemDefinitionId=""HandAxe01"",Quantity=1,Chance=1.000000),(ItemDefinitionId=""FlintFlake01"",Quantity=3,Chance=1.000000))",45.000000,None,Stoneworking,4,,60.000000,None,Tools,Hammerstone01,True,KnapFlint,0
CookMeat,CookMeat,Cook Meat,"Roast meat over the fire until done. The control of fire transformed human nutrition - cooking breaks down proteins, kills parasites, and releases more calories.","((ItemDefinitionId=""RawMeat01"",Quantity=1,bRequiresKnowledge=False))","((ItemDefinitionId=""CookedMeat01"",Quantity=1,Chance=1.000000))",60.000000,Campfire,Cooking,0,,20.000000,None,Food,,False,None,0
StripBark,StripBark,Strip Birch Bark,Carefully peel thin layers of papery bark from a birch branch. The bark separates most easily in early spring when the sap rises - a technique humans have used for over fifty thousand years.,"((ItemDefinitionId=""Stick01"",Quantity=1,bRequiresKnowledge=False))","((ItemDefinitionId=""Bark01"",Quantity=4,Chance=1.000000),(ItemDefinitionId=""Stick02"",Quantity=1,Chance=1.000000))",12.000000,None,Woodworking,0,StripBark,8.000000,None,Materials,,True,StripBark,0
ShredBark,ShredBark,Shred Bark to Fiber,"Tear and shred birch bark to separate the inner bast fibers. These long, flexible strands were the basis of Neanderthal cordage technology - evidence of which dates back at least 50,000 years.","((ItemDefinitionId=""Bark01"",Quantity=2,bRequiresKnowledge=False))","((ItemDefinitionId=""PlantFiber01"",Quantity=3,Chance=1.000000))",10.000000,None,Weaving,0,ShredBark,12.000000,None,Materials,,True,ShredBark,0
TwistCordage,TwistCordage,Twist Cordage,"Twist fibers clockwise into yarn, then twist two yarns counter-clockwise together. This opposing twist locks the fibers in tension - a deceptively complex technique that enabled snares, hafted tools, and countless other technologies.","((ItemDefinitionId=""PlantFiber01"",Quantity=3,bRequiresKnowledge=False))","((ItemDefinitionId=""Cordage01"",Quantity=1,Chance=1.000000))",15.000000,None,Weaving,0,TwistCordage,15.000000,None,Materials,,True,TwistCordage,0
ShapeDiggingStick,ShapeDiggingStick,Shape Digging Stick,Select a hardwood branch and sharpen one end to a point using a stone flake. This most basic of tools unlocks the calories stored in underground tubers.,"((ItemDefinitionId=""Branch01"",Quantity=1,bRequiresKnowledge=False))","((ItemDefinitionId=""DiggingStick01"",Quantity=1,Chance=1.000000))",15.000000,None,Woodworking,0,,10.000000,None,Tools,SharpFlake01,True,DiggingStickMaking,0
SelectClub,SelectClub,Select Crude Club,Find a heavy branch with good heft for striking. Sometimes the simplest weapon is best.,"((ItemDefinitionId=""Branch01"",Quantity=1,bRequiresKnowledge=False))","((ItemDefinitionId=""CrudeClub01"",Quantity=1,Chance=1.000000))",5.000000,None,Melee,0,,5.000000,None,Weapons,,False,,0
GatherTinder,GatherTinder,Gather Dry Tinder,"Collect fine, dry materials that will catch a spark - shredded bark, dried grass, or fungal amadou.","((ItemDefinitionId=""DriedGrass01"",Quantity=3,bRequiresKnowledge=False))","((ItemDefinitionId=""DryTinder01"",Quantity=1,Chance=1.000000))",10.000000,None,Firemaking,0,,8.000000,None,Materials,,True,TinderGathering,0
MakeFireDrill,MakeFireDrill,Make Fire Drill,Carve a straight hardwood spindle and prepare a softwood fireboard with a notched depression. The hand drill is one of humanitys oldest fire-starting methods.,"((ItemDefinitionId=""Hardwood01"",Quantity=1,bRequiresKnowledge=False),(ItemDefinitionId=""Softwood01"",Quantity=1,bRequiresKnowledge=False))","((ItemDefinitionId=""FireDrill01"",Quantity=1,Chance=1.000000))",30.000000,None,Firemaking,2,,25.000000,None,Tools,FlintKnife01,True,FrictionFire,0
MakeBowDrill,MakeBowDrill,Make Bow Drill,A bow-driven spindle generates more heat with less effort than a hand drill. The addition of a bearing block and bow transforms fire-making from exhausting work to reliable technique.,"((ItemDefinitionId=""Hardwood01"",Quantity=1,bRequiresKnowledge=False),(ItemDefinitionId=""Softwood01"",Quantity=1,bRequiresKnowledge=False),(ItemDefinitionId=""Cordage01"",Quantity=1,bRequiresKnowledge=False),(ItemDefinitionId=""Branch01"",Quantity=1,bRequiresKnowledge=False))","((ItemDefinitionId=""BowDrill01"",Quantity=1,Chance=1.000000))",45.000000,None,Firemaking,5,,40.000000,None,Tools,FlintKnife01,True,BowDrillMaking,0
ScrapeHide,ScrapeHide,Scrape Raw Hide,Remove flesh and fat from a fresh hide using a stone scraper. Speed is essential - an untreated hide begins rotting within hours.,"((ItemDefinitionId=""RawHide01"",Quantity=1,bRequiresKnowledge=False))","((ItemDefinitionId=""ScrapedHide01"",Quantity=1,Chance=1.000000))",60.000000,None,Leatherworking,0,,20.000000,None,Materials,StoneScraper01,True,HideScraping,0
BrainTanHide,BrainTanHide,Brain Tan Hide,"Work animal brains into a scraped hide, then smoke it to produce soft, washable buckskin. Every animal has just enough brain to tan its own hide.","((ItemDefinitionId=""ScrapedHide01"",Quantity=1,bRequiresKnowledge=False),(ItemDefinitionId=""AnimalBrain01"",Quantity=1,bRequiresKnowledge=False))","((ItemDefinitionId=""TannedLeather01"",Quantity=1,Chance=1.000000))",180.000000,Campfire,Leatherworking,5,,50.000000,None,Materials,,True,BrainTanning,0
HaftSpear,HaftSpear,Haft Wooden Spear,Bind a sharpened point to a straight shaft using cordage. The first composite tools combined materials with different properties.,"((ItemDefinitionId=""StraightBranch01"",Quantity=1,bRequiresKnowledge=False),(ItemDefinitionId=""SharpFlake01"",Quantity=1,bRequiresKnowledge=False),(ItemDefinitionId=""Cordage01"",Quantity=1,bRequiresKnowledge=False))","((ItemDefinitionId=""WoodenSpear01"",Quantity=1,Chance=1.000000))",25.000000,None,Woodworking,2,,20.000000,None,Weapons,,True,SpearMaking,0
HaftFlintSpear,HaftFlintSpear,Haft Flint-Tipped Spear,Attach a carefully knapped flint point to a spear shaft. The flint tip penetrates far deeper than wood alone.,"((ItemDefinitionId=""StraightBranch01"",Quantity=1,bRequiresKnowledge=False),(ItemDefinitionId=""FlintFlake01"",Quantity=2,bRequiresKnowledge=False),(ItemDefinitionId=""Cordage01"",Quantity=1,bRequiresKnowledge=False),(ItemDefinitionId=""Resin01"",Quantity=1,bRequiresKnowledge=False))","((ItemDefinitionId=""FlintSpear01"",Quantity=1,Chance=1.000000))",35.000000,None,Stoneworking,4,,35.000000,None,Weapons,,True,FlintHafting,0
MakeSimplePouch,MakeSimplePouch,Make Simple Pouch,Gather a single piece of leather and tie it with sinew to create a basic container.,"((ItemDefinitionId=""TannedLeather01"",Quantity=1,bRequiresKnowledge=False),(ItemDefinitionId=""Cordage01"",Quantity=1,bRequiresKnowledge=False))","((ItemDefinitionId=""SimplePouch01"",Quantity=1,Chance=1.000000))",20.000000,None,Leatherworking,6,,15.000000,None,Equipment,,True,LeatherContainers,0
CraftSimpleBow,CraftSimpleBow,Craft Simple Bow,Shape a bow stave and string it with twisted sinew or plant fiber. The bow stores energy for instant release.,"((ItemDefinitionId=""BowStave01"",Quantity=1,bRequiresKnowledge=False),(ItemDefinitionId=""Cordage01"",Quantity=2,bRequiresKnowledge=False))","((ItemDefinitionId=""SimpleBow01"",Quantity=1,Chance=1.000000))",90.000000,None,Woodworking,8,,50.000000,None,Weapons,FlintKnife01,True,BowMaking,0
FletchArrows,FletchArrows,Fletch Arrows,Attach fletching and points to straight shafts. Fletching stabilizes flight through drag.,"((ItemDefinitionId=""ArrowShaft01"",Quantity=5,bRequiresKnowledge=False),(ItemDefinitionId=""Feathers01"",Quantity=5,bRequiresKnowledge=False),(ItemDefinitionId=""FlintFlake01"",Quantity=5,bRequiresKnowledge=False),(ItemDefinitionId=""Resin01"",Quantity=1,bRequiresKnowledge=False))","((ItemDefinitionId=""FlintArrow01"",Quantity=5,Chance=1.000000))",45.000000,None,Woodworking,6,,35.000000,None,Ammo,,True,ArrowMaking,0
CraftAtlatl,CraftAtlatl,Craft Atlatl,"Carve a hooked throwing stick that effectively extends the arm, doubling spear velocity.","((ItemDefinitionId=""Hardwood01"",Quantity=1,bRequiresKnowledge=False))","((ItemDefinitionId=""Atlatl01"",Quantity=1,Chance=1.000000))",60.000000,None,Woodworking,6,,40.000000,None,Weapons,FlintKnife01,True,AtlatlMaking,0
CraftAtlatlDart,CraftAtlatlDart,Craft Atlatl Darts,Make lightweight darts designed for atlatl throwing - longer and more flexible than hand-thrown spears.,"((ItemDefinitionId=""StraightBranch01"",Quantity=3,bRequiresKnowledge=False),(ItemDefinitionId=""FlintFlake01"",Quantity=3,bRequiresKnowledge=False),(ItemDefinitionId=""Feathers01"",Quantity=6,bRequiresKnowledge=False),(ItemDefinitionId=""Cordage01"",Quantity=1,bRequiresKnowledge=False))","((ItemDefinitionId=""AtlatlDart01"",Quantity=3,Chance=1.000000))",40.000000,None,Woodworking,5,,30.000000,None,Ammo,,True,DartMaking,0
MakeFishSpear,MakeFishSpear,Make Fish Spear,Create a multi-pronged spear for fishing in shallows. The spread of points compensates for light refraction in water.,"((ItemDefinitionId=""StraightBranch01"",Quantity=1,bRequiresKnowledge=False),(ItemDefinitionId=""FlintFlake01"",Quantity=3,bRequiresKnowledge=False),(ItemDefinitionId=""Cordage01"",Quantity=1,bRequiresKnowledge=False))","((ItemDefinitionId=""FishSpear01"",Quantity=1,Chance=1.000000))",35.000000,None,Fishing,3,,25.000000,None,Tools,FlintKnife01,True,FishSpearMaking,0
WeaveFishTrap,WeaveFishTrap,Weave Fish Trap,Weave a conical basket trap that allows fish to enter but not escape.,"((ItemDefinitionId=""Reeds01"",Quantity=10,bRequiresKnowledge=False),(ItemDefinitionId=""Cordage01"",Quantity=3,bRequiresKnowledge=False))","((ItemDefinitionId=""FishTrap01"",Quantity=1,Chance=1.000000))",90.000000,None,Fishing,5,,40.000000,None,Tools,,True,TrapWeaving,0
KnapMicroliths,KnapMicroliths,Knap Microliths,"Create tiny, geometric stone bladelets for composite tools. These small pieces maximize cutting edge per unit of precious stone.","((ItemDefinitionId=""Flint01"",Quantity=1,bRequiresKnowledge=False))","((ItemDefinitionId=""Microlith01"",Quantity=6,Chance=1.000000))",30.000000,None,Stoneworking,8,,45.000000,None,Materials,Hammerstone01,True,MicrolithKnapping,0
SewLeatherTunic,SewLeatherTunic,Sew Leather Tunic,Cut and stitch leather pieces into a garment covering the torso. Sewn clothing enabled human expansion into cold climates.,"((ItemDefinitionId=""TannedLeather01"",Quantity=3,bRequiresKnowledge=False),(ItemDefinitionId=""Cordage01"",Quantity=2,bRequiresKnowledge=False))","((ItemDefinitionId=""LeatherTunic01"",Quantity=1,Chance=1.000000))",120.000000,None,Leatherworking,8,,60.000000,None,Equipment,BoneNeedle01,True,LeatherClothing,0
SewLeatherTrousers,SewLeatherTrousers,Sew Leather Trousers,Stitch leather leg coverings for travel through brush and cold weather.,"((ItemDefinitionId=""TannedLeather01"",Quantity=2,bRequiresKnowledge=False),(ItemDefinitionId=""Cordage01"",Quantity=2,bRequiresKnowledge=False))","((ItemDefinitionId=""LeatherTrousers01"",Quantity=1,Chance=1.000000))",100.000000,None,Leatherworking,7,,50.000000,None,Equipment,BoneNeedle01,True,LeatherClothing,0
SewLeatherBoots,SewLeatherBoots,Sew Leather Boots,Create foot coverings from thick leather with sewn soles.,"((ItemDefinitionId=""TannedLeather01"",Quantity=2,bRequiresKnowledge=False),(ItemDefinitionId=""Cordage01"",Quantity=1,bRequiresKnowledge=False))","((ItemDefinitionId=""LeatherBoots01"",Quantity=1,Chance=1.000000))",80.000000,None,Leatherworking,6,,40.000000,None,Equipment,BoneNeedle01,True,LeatherClothing,0
MakeBoneNeedle,MakeBoneNeedle,Make Bone Needle,Grind and polish a bone splinter into a fine needle with a drilled eye. This tiny tool enabled the revolution of sewn clothing.,"((ItemDefinitionId=""Bone01"",Quantity=1,bRequiresKnowledge=False))","((ItemDefinitionId=""BoneNeedle01"",Quantity=1,Chance=1.000000))",45.000000,None,Leatherworking,4,,30.000000,None,Tools,StoneScraper01,True,BoneWorking,0
CarveDugoutCanoe,CarveDugoutCanoe,Carve Dugout Canoe,Hollow a large log using fire and stone adzes. This labor-intensive process creates humanitys first true watercraft.,"((ItemDefinitionId=""LargeLog01"",Quantity=1,bRequiresKnowledge=False))","((ItemDefinitionId=""DugoutCanoe01"",Quantity=1,Chance=1.000000))",600.000000,None,Woodworking,15,,100.000000,None,Equipment,PolishedAxe01,True,CanoeMaking,0
MakePolishedAxe,MakePolishedAxe,Make Polished Stone Axe,Grind and polish a greenstone blank against sandstone until smooth. Polished axes cut faster and last longer than flaked tools.,"((ItemDefinitionId=""Greenstone01"",Quantity=1,bRequiresKnowledge=False),(ItemDefinitionId=""Sandstone01"",Quantity=1,bRequiresKnowledge=False))","((ItemDefinitionId=""PolishedAxe01"",Quantity=1,Chance=1.000000))",180.000000,None,Stoneworking,10,,80.000000,None,Tools,,True,PolishedStone,0
MakeCompositeBow,MakeCompositeBow,Make Composite Bow,"Layer horn, wood, and sinew to create a bow more powerful than its size suggests. A masterwork of materials science.","((ItemDefinitionId=""BowStave01"",Quantity=1,bRequiresKnowledge=False),(ItemDefinitionId=""Horn01"",Quantity=2,bRequiresKnowledge=False),(ItemDefinitionId=""Sinew01"",Quantity=4,bRequiresKnowledge=False),(ItemDefinitionId=""HideGlue01"",Quantity=2,bRequiresKnowledge=False))","((ItemDefinitionId=""CompositeBow01"",Quantity=1,Chance=1.000000))",300.000000,None,Woodworking,18,,120.000000,None,Weapons,FlintKnife01,True,CompositeBowMaking,0
BuildDeadfall,BuildDeadfall,Build Deadfall Trap,Construct a triggered trap that drops a heavy weight on prey. Passive hunting that works while you sleep.,"((ItemDefinitionId=""LargeLog01"",Quantity=1,bRequiresKnowledge=False),(ItemDefinitionId=""Branch01"",Quantity=3,bRequiresKnowledge=False),(ItemDefinitionId=""Cordage01"",Quantity=2,bRequiresKnowledge=False))","((ItemDefinitionId=""DeadfallTrap01"",Quantity=1,Chance=1.000000))",45.000000,None,Hunting,6,,35.000000,None,Tools,,True,TrapSetting,0
MakeSnare,MakeSnare,Make Snare,Create a noose trap that tightens when triggered. Snares catch small game with minimal effort.,"((ItemDefinitionId=""Cordage01"",Quantity=3,bRequiresKnowledge=False),(ItemDefinitionId=""Branch01"",Quantity=1,bRequiresKnowledge=False))","((ItemDefinitionId=""Snare01"",Quantity=3,Chance=1.000000))",20.000000,None,Hunting,4,,20.000000,None,Tools,,True,SnaresSetting,0
WeaveBasket,WeaveBasket,Weave Basket,Interlace flexible plant materials into a lightweight container for gathering and storage.,"((ItemDefinitionId=""Reeds01"",Quantity=8,bRequiresKnowledge=False))","((ItemDefinitionId=""WovenBasket01"",Quantity=1,Chance=1.000000))",60.000000,None,Weaving,5,,30.000000,None,Equipment,,True,BasketWeaving,0
MakeWaterSkin,MakeWaterSkin,Make Water Skin,Clean an animal bladder or stomach for use as a water container.,"((ItemDefinitionId=""AnimalBladder01"",Quantity=1,bRequiresKnowledge=False),(ItemDefinitionId=""Cordage01"",Quantity=1,bRequiresKnowledge=False))","((ItemDefinitionId=""WaterSkin01"",Quantity=1,Chance=1.000000))",30.000000,None,Leatherworking,3,,20.000000,None,Equipment,,True,WaterContainers,0
MakeBarkContainer,MakeBarkContainer,Make Bark Container,Fold and stitch birch bark into a waterproof vessel.,"((ItemDefinitionId=""BirchBark01"",Quantity=3,bRequiresKnowledge=False),(ItemDefinitionId=""Cordage01"",Quantity=1,bRequiresKnowledge=False))","((ItemDefinitionId=""BarkContainer01"",Quantity=1,Chance=1.000000))",25.000000,None,Woodworking,4,,15.000000,None,Equipment,,True,BarkWorking,0
MakeQuiver,MakeQuiver,Make Quiver,Construct a leather container for carrying and protecting arrows.,"((ItemDefinitionId=""TannedLeather01"",Quantity=2,bRequiresKnowledge=False),(ItemDefinitionId=""Cordage01"",Quantity=2,bRequiresKnowledge=False))","((ItemDefinitionId=""Quiver01"",Quantity=1,Chance=1.000000))",50.000000,None,Leatherworking,6,,30.000000,None,Equipment,BoneNeedle01,True,LeatherContainers,0
ShapeCrudePottery,ShapeCrudePottery,Shape Crude Pottery,"Pinch and coil clay into a simple vessel, then fire it in an open fire.","((ItemDefinitionId=""Clay01"",Quantity=2,bRequiresKnowledge=False),(ItemDefinitionId=""Sand01"",Quantity=1,bRequiresKnowledge=False))","((ItemDefinitionId=""CrudePottery01"",Quantity=1,Chance=1.000000))",120.000000,Campfire,Pottery,0,,40.000000,None,Equipment,,True,HandBuilding,0
MakeCookingPot,MakeCookingPot,Make Cooking Pot,Create a thick-walled ceramic vessel designed to withstand direct flame.,"((ItemDefinitionId=""Clay01"",Quantity=3,bRequiresKnowledge=False),(ItemDefinitionId=""Sand01"",Quantity=1,bRequiresKnowledge=False))","((ItemDefinitionId=""CookingPot01"",Quantity=1,Chance=1.000000))",150.000000,Campfire,Pottery,5,,55.000000,None,Equipment,,True,PotMaking,0
MakeStorageJar,MakeStorageJar,Make Storage Jar,Build a large ceramic container for storing grain and other goods.,"((ItemDefinitionId=""Clay01"",Quantity=5,bRequiresKnowledge=False),(ItemDefinitionId=""Sand01"",Quantity=2,bRequiresKnowledge=False))","((ItemDefinitionId=""StorageJar01"",Quantity=1,Chance=1.000000))",180.000000,Campfire,Pottery,8,,65.000000,None,Equipment,,True,StorageVessels,0
MakeClayBowl,MakeClayBowl,Make Clay Bowl,Form a shallow ceramic vessel for serving and eating.,"((ItemDefinitionId=""Clay01"",Quantity=1,bRequiresKnowledge=False),(ItemDefinitionId=""Sand01"",Quantity=1,bRequiresKnowledge=False))","((ItemDefinitionId=""ClayBowl01"",Quantity=2,Chance=1.000000))",60.000000,Campfire,Pottery,2,,25.000000,None,Equipment,,True,HandBuilding,0
MakeGrindingStone,MakeGrindingStone,Make Grinding Stone,Shape a flat stone for grinding grain into flour.,"((ItemDefinitionId=""Sandstone01"",Quantity=1,bRequiresKnowledge=False))","((ItemDefinitionId=""GrindingStone01"",Quantity=1,Chance=1.000000))",90.000000,None,Stoneworking,5,,40.000000,None,Tools,Hammerstone01,True,GrindingTools,0
MakeSickle,MakeSickle,Make Stone Sickle,Set sharp flint bladelets into a curved wooden handle for harvesting grain.,"((ItemDefinitionId=""Branch01"",Quantity=1,bRequiresKnowledge=False),(ItemDefinitionId=""Microlith01"",Quantity=4,bRequiresKnowledge=False),(ItemDefinitionId=""Resin01"",Quantity=1,bRequiresKnowledge=False))","((ItemDefinitionId=""StoneSickle01"",Quantity=1,Chance=1.000000))",60.000000,None,Stoneworking,8,,45.000000,None,Tools,,True,SickleMaking,0
MakeHoe,MakeHoe,Make Stone Hoe,Attach a flat stone blade to a wooden handle for tilling soil.,"((ItemDefinitionId=""Branch01"",Quantity=1,bRequiresKnowledge=False),(ItemDefinitionId=""FlintFlake01"",Quantity=2,bRequiresKnowledge=False),(ItemDefinitionId=""Cordage01"",Quantity=2,bRequiresKnowledge=False))","((ItemDefinitionId=""StoneHoe01"",Quantity=1,Chance=1.000000))",45.000000,None,Farming,3,,30.000000,None,Tools,,True,FarmingTools,0
MakeSpindle,MakeSpindle,Make Drop Spindle,Create a weighted spindle for spinning fiber into thread.,"((ItemDefinitionId=""Branch01"",Quantity=1,bRequiresKnowledge=False),(ItemDefinitionId=""Clay01"",Quantity=1,bRequiresKnowledge=False))","((ItemDefinitionId=""DropSpindle01"",Quantity=1,Chance=1.000000))",40.000000,None,Weaving,8,,30.000000,None,Tools,FlintKnife01,True,SpinningTech,0
SpinWoolThread,SpinWoolThread,Spin Wool Thread,Draw out and twist wool fibers into continuous thread.,"((ItemDefinitionId=""WoolFleece01"",Quantity=1,bRequiresKnowledge=False))","((ItemDefinitionId=""WoolThread01"",Quantity=3,Chance=1.000000))",60.000000,None,Weaving,10,,35.000000,None,Materials,DropSpindle01,True,WoolSpinning,0
SpinFlaxThread,SpinFlaxThread,Spin Flax Thread,Spin processed flax fibers into linen thread.,"((ItemDefinitionId=""FlaxFiber01"",Quantity=2,bRequiresKnowledge=False))","((ItemDefinitionId=""LinenThread01"",Quantity=2,Chance=1.000000))",60.000000,None,Weaving,10,,35.000000,None,Materials,DropSpindle01,True,FlaxSpinning,0
WeaveCloth,WeaveCloth,Weave Cloth,Interlace threads on a loom to create fabric.,"((ItemDefinitionId=""WoolThread01"",Quantity=6,bRequiresKnowledge=False))","((ItemDefinitionId=""WovenCloth01"",Quantity=1,Chance=1.000000))",180.000000,None,Weaving,12,,60.000000,None,Materials,SimpleLoom01,True,LoomWeaving,0
MakeSimpleLoom,MakeSimpleLoom,Make Simple Loom,Construct a basic frame loom for weaving cloth.,"((ItemDefinitionId=""Branch01"",Quantity=4,bRequiresKnowledge=False),(ItemDefinitionId=""Cordage01"",Quantity=6,bRequiresKnowledge=False))","((ItemDefinitionId=""SimpleLoom01"",Quantity=1,Chance=1.000000))",90.000000,None,Weaving,10,,50.000000,None,Tools,,True,LoomBuilding,0
SewClothTunic,SewClothTunic,Sew Cloth Tunic,Cut and stitch cloth into a comfortable garment.,"((ItemDefinitionId=""WovenCloth01"",Quantity=2,bRequiresKnowledge=False),(ItemDefinitionId=""LinenThread01"",Quantity=2,bRequiresKnowledge=False))","((ItemDefinitionId=""ClothTunic01"",Quantity=1,Chance=1.000000))",100.000000,None,Weaving,14,,55.000000,None,Equipment,BoneNeedle01,True,ClothTailoring,0
HammerNativeCopper,HammerNativeCopper,Hammer Native Copper,Cold-work native copper into simple shapes through hammering.,"((ItemDefinitionId=""NativeCopper01"",Quantity=2,bRequiresKnowledge=False))","((ItemDefinitionId=""CopperBead01"",Quantity=3,Chance=1.000000))",60.000000,None,Smithing,0,,40.000000,None,Materials,Hammerstone01,True,CopperWorking,0
CastCopperAwl,CastCopperAwl,Cast Copper Awl,Melt copper in a crucible and cast a pointed tool for leather working.,"((ItemDefinitionId=""NativeCopper01"",Quantity=2,bRequiresKnowledge=False))","((ItemDefinitionId=""CopperAwl01"",Quantity=1,Chance=1.000000))",90.000000,Forge,Smithing,5,,50.000000,None,Tools,,True,CopperCasting,0
SmeltCopperOre,SmeltCopperOre,Smelt Copper Ore,Extract copper from malachite ore using high-temperature smelting.,"((ItemDefinitionId=""CopperOre01"",Quantity=3,bRequiresKnowledge=False),(ItemDefinitionId=""Charcoal01"",Quantity=5,bRequiresKnowledge=False))","((ItemDefinitionId=""CopperIngot01"",Quantity=1,Chance=1.000000))",120.000000,Forge,Smithing,10,,70.000000,None,Materials,,True,CopperSmelting,0
AlloyBronze,AlloyBronze,Alloy Bronze,Combine copper and tin to create bronze - harder than either metal alone.,"((ItemDefinitionId=""CopperIngot01"",Quantity=3,bRequiresKnowledge=False),(ItemDefinitionId=""TinIngot01"",Quantity=1,bRequiresKnowledge=False))","((ItemDefinitionId=""BronzeIngot01"",Quantity=3,Chance=1.000000))",90.000000,Forge,Smithing,15,,85.000000,None,Materials,,True,BronzeAlloying,0
ForgeBronzeAxe,ForgeBronzeAxe,Forge Bronze Axe,"Cast and hammer a bronze axe head, then haft it to a wooden handle.","((ItemDefinitionId=""BronzeIngot01"",Quantity=2,bRequiresKnowledge=False),(ItemDefinitionId=""Hardwood01"",Quantity=1,bRequiresKnowledge=False))","((ItemDefinitionId=""BronzeAxe01"",Quantity=1,Chance=1.000000))",120.000000,Forge,Smithing,18,,90.000000,None,Tools,SmithHammer01,True,BronzeSmithing,0
ForgeBronzeSword,ForgeBronzeSword,Forge Bronze Sword,Craft a leaf-shaped bronze blade - the first true swords.,"((ItemDefinitionId=""BronzeIngot01"",Quantity=3,bRequiresKnowledge=False),(ItemDefinitionId=""TannedLeather01"",Quantity=1,bRequiresKnowledge=False))","((ItemDefinitionId=""BronzeSword01"",Quantity=1,Chance=1.000000))",180.000000,Forge,Smithing,20,,110.000000,None,Weapons,SmithHammer01,True,BronzeWeapons,0
ForgeBronzeSpearhead,ForgeBronzeSpearhead,Forge Bronze Spearhead,Cast a socketed bronze spearhead for mounting on a wooden shaft.,"((ItemDefinitionId=""BronzeIngot01"",Quantity=1,bRequiresKnowledge=False),(ItemDefinitionId=""StraightBranch01"",Quantity=1,bRequiresKnowledge=False))","((ItemDefinitionId=""BronzeSpear01"",Quantity=1,Chance=1.000000))",90.000000,Forge,Smithing,16,,75.000000,None,Weapons,SmithHammer01,True,BronzeWeapons,0
ForgeBronzeKnife,ForgeBronzeKnife,Forge Bronze Knife,Hammer out a bronze knife blade and fit it with a handle.,"((ItemDefinitionId=""BronzeIngot01"",Quantity=1,bRequiresKnowledge=False),(ItemDefinitionId=""Hardwood01"",Quantity=1,bRequiresKnowledge=False))","((ItemDefinitionId=""BronzeKnife01"",Quantity=1,Chance=1.000000))",75.000000,Forge,Smithing,16,,60.000000,None,Tools,SmithHammer01,True,BronzeSmithing,0
MakeSmithHammer,MakeSmithHammer,Make Smith Hammer,Craft a heavy hammer for metalworking.,"((ItemDefinitionId=""Stone01"",Quantity=2,bRequiresKnowledge=False),(ItemDefinitionId=""Hardwood01"",Quantity=1,bRequiresKnowledge=False),(ItemDefinitionId=""Cordage01"",Quantity=2,bRequiresKnowledge=False))","((ItemDefinitionId=""SmithHammer01"",Quantity=1,Chance=1.000000))",60.000000,None,Smithing,8,,45.000000,None,Tools,,True,SmithingTools,0
MakeLeatherArmor,MakeLeatherArmor,Make Leather Armor,Layer and harden leather into protective body armor.,"((ItemDefinitionId=""TannedLeather01"",Quantity=5,bRequiresKnowledge=False),(ItemDefinitionId=""Cordage01"",Quantity=4,bRequiresKnowledge=False))","((ItemDefinitionId=""LeatherArmor01"",Quantity=1,Chance=1.000000))",180.000000,None,Leatherworking,15,,80.000000,None,Equipment,BoneNeedle01,True,LeatherArmor,0
MakeWoodenShield,MakeWoodenShield,Make Wooden Shield,Construct a wooden shield faced with rawhide for protection in combat.,"((ItemDefinitionId=""Plank01"",Quantity=2,bRequiresKnowledge=False),(ItemDefinitionId=""RawHide01"",Quantity=1,bRequiresKnowledge=False),(ItemDefinitionId=""Cordage01"",Quantity=2,bRequiresKnowledge=False))","((ItemDefinitionId=""WoodenShield01"",Quantity=1,Chance=1.000000))",120.000000,None,Woodworking,12,,60.000000,None,Equipment,BronzeAxe01,True,ShieldMaking,0
ForgeBronzeHelmet,ForgeBronzeHelmet,Forge Bronze Helmet,Hammer sheet bronze into a protective helmet.,"((ItemDefinitionId=""BronzeIngot01"",Quantity=3,bRequiresKnowledge=False),(ItemDefinitionId=""TannedLeather01"",Quantity=1,bRequiresKnowledge=False))","((ItemDefinitionId=""BronzeHelmet01"",Quantity=1,Chance=1.000000))",240.000000,Forge,Smithing,22,,120.000000,None,Equipment,SmithHammer01,True,BronzeArmor,0
ForgeBronzeShield,ForgeBronzeShield,Forge Bronze Shield,Create a shield with bronze facing for superior protection.,"((ItemDefinitionId=""BronzeIngot01"",Quantity=4,bRequiresKnowledge=False),(ItemDefinitionId=""Plank01"",Quantity=1,bRequiresKnowledge=False),(ItemDefinitionId=""TannedLeather01"",Quantity=1,bRequiresKnowledge=False))","((ItemDefinitionId=""BronzeShield01"",Quantity=1,Chance=1.000000))",200.000000,Forge,Smithing,20,,100.000000,None,Equipment,SmithHammer01,True,BronzeArmor,0
ThrowWheelPot,ThrowWheelPot,Throw Wheel Pottery,"Shape clay on a potters wheel for uniform, thin-walled vessels.","((ItemDefinitionId=""Clay01"",Quantity=2,bRequiresKnowledge=False))","((ItemDefinitionId=""WheelThrownPot01"",Quantity=1,Chance=1.000000))",45.000000,Workbench,Pottery,15,,50.000000,None,Equipment,,True,WheelThrowing,0
MakePottersWheel,MakePottersWheel,Make Potters Wheel,Construct a rotating platform for throwing pottery.,"((ItemDefinitionId=""Plank01"",Quantity=3,bRequiresKnowledge=False),(ItemDefinitionId=""Stone01"",Quantity=1,bRequiresKnowledge=False))","((ItemDefinitionId=""PottersWheel01"",Quantity=1,Chance=1.000000))",180.000000,None,Woodworking,15,,80.000000,None,Tools,BronzeAxe01,True,WheelBuilding,0
BuildChariot,BuildChariot,Build Chariot,Construct a two-wheeled war chariot - the ultimate Bronze Age weapon platform.,"((ItemDefinitionId=""Plank01"",Quantity=8,bRequiresKnowledge=False),(ItemDefinitionId=""BronzeIngot01"",Quantity=4,bRequiresKnowledge=False),(ItemDefinitionId=""TannedLeather01"",Quantity=4,bRequiresKnowledge=False),(ItemDefinitionId=""Cordage01"",Quantity=10,bRequiresKnowledge=False))","((ItemDefinitionId=""Chariot01"",Quantity=1,Chance=1.000000))",600.000000,None,Woodworking,25,,200.000000,None,Equipment,BronzeAxe01,True,ChariotBuilding,0
MakeScaleArmor,MakeScaleArmor,Make Scale Armor,Assemble overlapping bronze scales onto a leather backing.,"((ItemDefinitionId=""BronzeIngot01"",Quantity=6,bRequiresKnowledge=False),(ItemDefinitionId=""TannedLeather01"",Quantity=3,bRequiresKnowledge=False),(ItemDefinitionId=""Cordage01"",Quantity=4,bRequiresKnowledge=False))","((ItemDefinitionId=""ScaleArmor01"",Quantity=1,Chance=1.000000))",360.000000,Forge,Smithing,25,,150.000000,None,Equipment,SmithHammer01,True,ScaleArmorMaking,0
ForgeBronzeGreaves,ForgeBronzeGreaves,Forge Bronze Greaves,Hammer bronze into shin guards for leg protection.,"((ItemDefinitionId=""BronzeIngot01"",Quantity=2,bRequiresKnowledge=False),(ItemDefinitionId=""TannedLeather01"",Quantity=1,bRequiresKnowledge=False))","((ItemDefinitionId=""BronzeGreaves01"",Quantity=1,Chance=1.000000))",150.000000,Forge,Smithing,20,,90.000000,None,Equipment,SmithHammer01,True,BronzeArmor,0
GlazePottery,GlazePottery,Glaze Pottery,Apply mineral glazes to pottery before firing for a waterproof finish.,"((ItemDefinitionId=""CrudePottery01"",Quantity=1,bRequiresKnowledge=False),(ItemDefinitionId=""MineralGlaze01"",Quantity=1,bRequiresKnowledge=False))","((ItemDefinitionId=""GlazedPottery01"",Quantity=1,Chance=1.000000))",90.000000,Forge,Pottery,18,,60.000000,None,Equipment,,True,PotteryGlazing,0
MakeGlass,MakeGlass,Make Glass,Fuse sand and soda ash at high temperature to create glass.,"((ItemDefinitionId=""Sand01"",Quantity=3,bRequiresKnowledge=False),(ItemDefinitionId=""SodaAsh01"",Quantity=1,bRequiresKnowledge=False))","((ItemDefinitionId=""RawGlass01"",Quantity=1,Chance=1.000000))",120.000000,Forge,Smithing,20,,80.000000,None,Materials,,True,GlassMaking,0
ShapeGlassBeads,ShapeGlassBeads,Shape Glass Beads,Form molten glass into decorative beads.,"((ItemDefinitionId=""RawGlass01"",Quantity=1,bRequiresKnowledge=False))","((ItemDefinitionId=""GlassBeads01"",Quantity=5,Chance=1.000000))",60.000000,Forge,Smithing,22,,50.000000,None,Equipment,,True,GlassShaping,0
SmeltIronOre,SmeltIronOre,Smelt Iron Ore,Reduce iron ore to metal in a bloomery furnace.,"((ItemDefinitionId=""IronOre01"",Quantity=4,bRequiresKnowledge=False),(ItemDefinitionId=""Charcoal01"",Quantity=8,bRequiresKnowledge=False))","((ItemDefinitionId=""IronBloom01"",Quantity=1,Chance=1.000000))",180.000000,Forge,Smithing,25,,100.000000,None,Materials,,True,IronSmelting,0
RefineIronBloom,RefineIronBloom,Refine Iron Bloom,Hammer slag from iron bloom to produce wrought iron.,"((ItemDefinitionId=""IronBloom01"",Quantity=1,bRequiresKnowledge=False))","((ItemDefinitionId=""WroughtIron01"",Quantity=1,Chance=1.000000))",90.000000,Forge,Smithing,26,,80.000000,None,Materials,SmithHammer01,True,IronRefining,0
CarburizeSteel,CarburizeSteel,Carburize Steel,"Pack iron with charcoal and heat to absorb carbon, creating steel.","((ItemDefinitionId=""WroughtIron01"",Quantity=1,bRequiresKnowledge=False),(ItemDefinitionId=""Charcoal01"",Quantity=3,bRequiresKnowledge=False))","((ItemDefinitionId=""SteelIngot01"",Quantity=1,Chance=1.000000))",240.000000,Forge,Smithing,30,,120.000000,None,Materials,,True,SteelMaking,0
ForgeIronSword,ForgeIronSword,Forge Iron Sword,Hammer wrought iron into a sword blade.,"((ItemDefinitionId=""WroughtIron01"",Quantity=2,bRequiresKnowledge=False),(ItemDefinitionId=""TannedLeather01"",Quantity=1,bRequiresKnowledge=False))","((ItemDefinitionId=""IronSword01"",Quantity=1,Chance=1.000000))",180.000000,Forge,Smithing,28,,110.000000,None,Weapons,SmithHammer01,True,IronWeapons,0
ForgeSteelSword,ForgeSteelSword,Forge Steel Sword,Create a superior sword from steel - harder and more resilient than iron.,"((ItemDefinitionId=""SteelIngot01"",Quantity=2,bRequiresKnowledge=False),(ItemDefinitionId=""TannedLeather01"",Quantity=1,bRequiresKnowledge=False))","((ItemDefinitionId=""SteelSword01"",Quantity=1,Chance=1.000000))",240.000000,Forge,Smithing,32,,140.000000,None,Weapons,SmithHammer01,True,SteelWeapons,0
ForgeIronAxe,ForgeIronAxe,Forge Iron Axe,Hammer iron into an axe head.,"((ItemDefinitionId=""WroughtIron01"",Quantity=2,bRequiresKnowledge=False),(ItemDefinitionId=""Hardwood01"",Quantity=1,bRequiresKnowledge=False))","((ItemDefinitionId=""IronAxe01"",Quantity=1,Chance=1.000000))",120.000000,Forge,Smithing,26,,85.000000,None,Tools,SmithHammer01,True,IronTools,0
ForgeIronSpear,ForgeIronSpear,Forge Iron Spear,Create a socketed iron spearhead.,"((ItemDefinitionId=""WroughtIron01"",Quantity=1,bRequiresKnowledge=False),(ItemDefinitionId=""StraightBranch01"",Quantity=1,bRequiresKnowledge=False))","((ItemDefinitionId=""IronSpear01"",Quantity=1,Chance=1.000000))",90.000000,Forge,Smithing,27,,70.000000,None,Weapons,SmithHammer01,True,IronWeapons,0
ForgeIronArrowheads,ForgeIronArrowheads,Forge Iron Arrowheads,Hammer small iron points for arrows.,"((ItemDefinitionId=""WroughtIron01"",Quantity=1,bRequiresKnowledge=False))","((ItemDefinitionId=""IronArrowhead01"",Quantity=10,Chance=1.000000))",60.000000,Forge,Smithing,27,,50.000000,None,Materials,SmithHammer01,True,IronTools,0
FletchIronArrows,FletchIronArrows,Fletch Iron Arrows,Attach iron arrowheads and fletching to shafts.,"((ItemDefinitionId=""ArrowShaft01"",Quantity=10,bRequiresKnowledge=False),(ItemDefinitionId=""IronArrowhead01"",Quantity=10,bRequiresKnowledge=False),(ItemDefinitionId=""Feathers01"",Quantity=10,bRequiresKnowledge=False))","((ItemDefinitionId=""IronArrow01"",Quantity=10,Chance=1.000000))",60.000000,None,Woodworking,12,,45.000000,None,Ammo,,True,ArrowMaking,0
MakeChainMail,MakeChainMail,Make Chain Mail,Interlink iron rings into flexible armor.,"((ItemDefinitionId=""WroughtIron01"",Quantity=8,bRequiresKnowledge=False))","((ItemDefinitionId=""ChainMail01"",Quantity=1,Chance=1.000000))",480.000000,Forge,Smithing,30,,180.000000,None,Equipment,SmithHammer01,True,ChainMailMaking,0
ForgeIronHelmet,ForgeIronHelmet,Forge Iron Helmet,Shape iron into a protective helmet.,"((ItemDefinitionId=""WroughtIron01"",Quantity=2,bRequiresKnowledge=False),(ItemDefinitionId=""TannedLeather01"",Quantity=1,bRequiresKnowledge=False))","((ItemDefinitionId=""IronHelmet01"",Quantity=1,Chance=1.000000))",180.000000,Forge,Smithing,28,,100.000000,None,Equipment,SmithHammer01,True,IronArmor,0
ForgeIronShield,ForgeIronShield,Forge Iron Shield,Create a shield with iron boss and rim.,"((ItemDefinitionId=""WroughtIron01"",Quantity=2,bRequiresKnowledge=False),(ItemDefinitionId=""Plank01"",Quantity=2,bRequiresKnowledge=False),(ItemDefinitionId=""TannedLeather01"",Quantity=1,bRequiresKnowledge=False))","((ItemDefinitionId=""IronShield01"",Quantity=1,Chance=1.000000))",150.000000,Forge,Smithing,26,,90.000000,None,Equipment,SmithHammer01,True,IronArmor,0
ForgeHorseshoe,ForgeHorseshoe,Forge Horseshoe,Hammer iron into a U-shaped shoe to protect horse hooves.,"((ItemDefinitionId=""WroughtIron01"",Quantity=1,bRequiresKnowledge=False))","((ItemDefinitionId=""Horseshoe01"",Quantity=2,Chance=1.000000))",45.000000,Forge,Smithing,27,,35.000000,None,Equipment,SmithHammer01,True,IronTools,0
ForgeIronNails,ForgeIronNails,Forge Iron Nails,Draw iron into nails for construction.,"((ItemDefinitionId=""WroughtIron01"",Quantity=1,bRequiresKnowledge=False))","((ItemDefinitionId=""IronNails01"",Quantity=20,Chance=1.000000))",60.000000,Forge,Smithing,27,,40.000000,None,Materials,SmithHammer01,True,IronTools,0
MakeAnvil,MakeAnvil,Make Iron Anvil,Cast and shape a heavy iron anvil for smithing.,"((ItemDefinitionId=""WroughtIron01"",Quantity=10,bRequiresKnowledge=False))","((ItemDefinitionId=""IronAnvil01"",Quantity=1,Chance=1.000000))",300.000000,Forge,Smithing,30,,160.000000,None,Tools,SmithHammer01,True,AdvancedSmithing,0
MakeBellows,MakeBellows,Make Bellows,Construct leather bellows for increasing forge temperature.,"((ItemDefinitionId=""TannedLeather01"",Quantity=4,bRequiresKnowledge=False),(ItemDefinitionId=""Plank01"",Quantity=2,bRequiresKnowledge=False),(ItemDefinitionId=""Cordage01"",Quantity=2,bRequiresKnowledge=False))","((ItemDefinitionId=""Bellows01"",Quantity=1,Chance=1.000000))",120.000000,None,Leatherworking,12,,70.000000,None,Tools,BoneNeedle01,True,SmithingTools,0
ForgeSmithTongs,ForgeSmithTongs,Forge Smith Tongs,Create iron tongs for handling hot metal.,"((ItemDefinitionId=""WroughtIron01"",Quantity=2,bRequiresKnowledge=False))","((ItemDefinitionId=""SmithTongs01"",Quantity=1,Chance=1.000000))",90.000000,Forge,Smithing,27,,60.000000,None,Tools,SmithHammer01,True,SmithingTools,0
